{
  "name": "libmagic",
  "version-string": "5.40",
  "port-version": 1,
  "description": "This library can be used to classify files according to magic number tests.",
  "homepage": "https://github.com/file/file",
  "dependencies": [
    {
      "name": "vcpkg-cmake",
      "host": true
    },
    {
      "name": "vcpkg-cmake-config",
      "host": true
    },
    {
      "name": "dirent",
      "platform": "windows"
    },
    {
      "name": "getopt",
      "platform": "windows & !mingw"
    },
    "pcre2"
  ]
}
